method,metric,n_paired_cells,pooled_mean,within_cell_seed_std,seed_std_pct_of_mean,mean_abs_seed_delta
laser,ate_cm,20,86.7800,46.5302,53.6,51.8000
laser,masked_f,20,0.3476,0.1355,39.0,0.1522
laser,full360_f,20,0.2215,0.0905,40.8,0.1000
laser,map_mb,20,6.1325,2.7530,44.9,2.9450
laser,outlier_pct,20,3.3525,0.3671,10.9,0.4350
laser,vram_peak_gb,20,8.4288,0.0700,0.8,0.0721
laser,eff_fps,20,4.8315,0.4935,10.2,0.5884
mapanything,ate_cm,20,95.6525,30.0070,31.4,35.0050
mapanything,masked_f,20,0.2555,0.0592,23.2,0.0673
mapanything,full360_f,20,0.1770,0.0365,20.6,0.0428
mapanything,map_mb,20,28.8600,4.5316,15.7,4.8300
mapanything,outlier_pct,20,3.5100,1.3583,38.7,1.1900
mapanything,scale_err_pct,20,21.9625,11.2565,51.3,12.2850
mapanything,vram_peak_gb,20,44.9284,5.3555,11.9,5.8322
mapanything,eff_fps,20,2.8467,0.2510,8.8,0.2872
mapanything,per_window_lat_s,20,9.2047,2.3582,25.6,2.2330
panovggt,ate_cm,20,66.6375,32.8922,49.4,32.9950
panovggt,masked_f,20,0.5796,0.1832,31.6,0.1859
panovggt,full360_f,20,0.4532,0.1450,32.0,0.1421
panovggt,map_mb,20,102.9650,12.2950,11.9,12.8600
panovggt,outlier_pct,20,3.9300,0.4506,11.5,0.4800
panovggt,vram_peak_gb,20,24.9435,3.3258,13.3,3.2907
panovggt,eff_fps,20,2.3537,0.1579,6.7,0.1692
panovggt,per_window_lat_s,20,17.4375,8.6181,49.4,6.9895
pi3,ate_cm,20,62.4850,15.5864,24.9,16.5000
pi3,masked_f,20,0.4944,0.1468,29.7,0.1608
pi3,full360_f,20,0.3483,0.1166,33.5,0.1307
pi3,map_mb,20,23.3825,3.9501,16.9,3.5350
pi3,outlier_pct,20,2.7325,0.4362,16.0,0.5050
pi3,scale_err_pct,20,8.6800,8.2460,95.0,6.7800
pi3,vram_peak_gb,20,36.2454,8.4248,23.2,6.7927
pi3,eff_fps,20,4.7178,0.3266,6.9,0.3815
pi3,per_window_lat_s,20,5.1721,2.0339,39.3,1.7132
prism,ate_cm,13,65.3129,35.5024,54.4,30.1538
prism,masked_f,13,0.4175,0.2186,52.4,0.2378
prism,full360_f,13,0.3089,0.1427,46.2,0.1632
prism,map_mb,13,22.0839,4.1412,18.8,5.1154
prism,outlier_pct,13,2.4387,0.2828,11.6,0.3077
prism,scale_err_pct,13,14.6258,5.0705,34.7,5.4077
prism,vram_peak_gb,13,15.9493,0.9076,5.7,1.0089
prism,eff_fps,13,2.8810,0.2247,7.8,0.2566
prism,per_window_lat_s,13,1.5980,0.1695,10.6,0.1474
prism_noguards,ate_cm,4,81.2364,55.8729,68.8,51.2250
prism_noguards,masked_f,4,0.3361,0.1662,49.4,0.1893
prism_noguards,full360_f,4,0.2555,0.1242,48.6,0.1530
prism_noguards,map_mb,4,29.5727,4.7269,16.0,6.4250
prism_noguards,outlier_pct,4,2.5273,0.1323,5.2,0.1500
prism_noguards,scale_err_pct,4,23.0000,6.3254,27.5,6.6750
prism_noguards,vram_peak_gb,4,16.9250,0.9273,5.5,1.0213
prism_noguards,eff_fps,4,3.3261,0.1847,5.6,0.2127
prism_noguards,per_window_lat_s,4,1.5123,0.0285,1.9,0.0354
prism_nolock,ate_cm,4,83.8727,55.2995,65.9,50.6000
prism_nolock,masked_f,4,0.3343,0.1664,49.8,0.1872
prism_nolock,full360_f,4,0.2552,0.1259,49.3,0.1537
prism_nolock,map_mb,4,28.6364,4.5711,16.0,6.2500
prism_nolock,outlier_pct,4,2.5636,0.1936,7.6,0.2500
prism_nolock,scale_err_pct,4,22.6182,6.3856,28.2,6.2250
prism_nolock,vram_peak_gb,4,16.4103,0.9422,5.7,1.0507
prism_nolock,eff_fps,4,3.3693,0.1988,5.9,0.2118
prism_nolock,per_window_lat_s,4,1.5148,0.0314,2.1,0.0398
prism_nostill,ate_cm,4,83.8545,55.2992,65.9,50.5750
prism_nostill,masked_f,4,0.3347,0.1670,49.9,0.1925
prism_nostill,full360_f,4,0.2546,0.1264,49.6,0.1545
prism_nostill,map_mb,4,28.7182,4.5891,16.0,6.3000
prism_nostill,outlier_pct,4,2.5818,0.1500,5.8,0.2000
prism_nostill,scale_err_pct,4,22.6091,6.3818,28.2,6.2000
prism_nostill,vram_peak_gb,4,16.7949,0.9534,5.7,1.0768
prism_nostill,eff_fps,4,3.3780,0.2280,6.7,0.3020
prism_nostill,per_window_lat_s,4,1.5120,0.0314,2.1,0.0384
prism_se3,ate_cm,13,67.1032,38.7371,57.7,35.3769
prism_se3,masked_f,13,0.3929,0.2234,56.9,0.2651
prism_se3,full360_f,13,0.2793,0.1491,53.4,0.1824
prism_se3,map_mb,13,20.9742,4.1304,19.7,4.9462
prism_se3,outlier_pct,13,2.4581,0.2201,9.0,0.2154
prism_se3,scale_err_pct,13,13.4032,6.2405,46.6,6.8231
prism_se3,vram_peak_gb,13,16.0083,1.6114,10.1,1.5546
prism_se3,eff_fps,13,2.9254,0.1975,6.8,0.2409
prism_se3,per_window_lat_s,13,1.5156,0.1424,9.4,0.1373
prism_sim3,ate_cm,12,68.8700,41.4512,60.2,39.1833
prism_sim3,masked_f,12,0.3957,0.2295,58.0,0.2837
prism_sim3,full360_f,12,0.2832,0.1542,54.4,0.1962
prism_sim3,map_mb,12,20.8767,4.6295,22.2,5.6333
prism_sim3,outlier_pct,12,2.4833,0.2010,8.1,0.2583
prism_sim3,scale_err_pct,12,13.9633,6.5142,46.7,7.4000
prism_sim3,vram_peak_gb,12,15.8877,1.1785,7.4,1.2289
prism_sim3,eff_fps,12,2.8444,0.1634,5.7,0.2056
prism_sim3,per_window_lat_s,12,1.5299,0.1567,10.2,0.1413
vggtslam,ate_cm,20,131.9500,58.8095,44.6,71.6900
vggtslam,masked_f,20,0.2214,0.2080,94.0,0.2167
vggtslam,full360_f,20,0.1559,0.1337,85.7,0.1302
vggtslam,map_mb,20,102.2300,24.3380,23.8,27.8700
vggtslam,outlier_pct,20,3.7050,0.5334,14.4,0.6200
vggtslam,vram_peak_gb,20,8.9009,0.1648,1.9,0.0974
vggtslam,eff_fps,20,4.6113,0.8320,18.0,0.8316
